Workbook

Sheet 📘 사용안내
A1: 📘 우리 매장 · 레시피 · 원가 관리
A2: 예시 데이터가 들어 있습니다 — 지우고 우리 가게 것으로 채우세요 · v2.0
A4: ▸ 이 파일의 구조
B5: ① 식재료 단가 | C5: 식재료 118종의 구매가격 → g당 단가. 여기만 고치면 모든 메뉴 원가가 따라 바뀝니다.
B6: ② 프렙 원가 | C6: 커리 그레이비·탄두리 소스 등 반제품 11종의 g당 원가. 프렙 안에 프렙이 들어가도 자동 계산됩니다.
B7: ③ 고정비 설정 | C7: 월 고정비·월 추정매출·판정 기준. 고정비 배분율이 여기서 결정됩니다.
B8: ④ 메뉴 원가표 | C8: 메뉴 87종의 판매가·원가·원가율·마진 한눈에. 판매가만 입력하면 됩니다.
B9: ⑤ 레시피 상세 | C9: 레시피북과 똑같은 재료·사용량. 한 줄 = 재료 1개의 단일 서식입니다.
B10: ⑥ 분석 대시보드 | C10: KPI·카테고리별 원가율·개선 우선순위 TOP10. 전부 수식이라 자동 갱신됩니다.
B11: ⚠ 확인 필요 | C11: 값이 비었거나 추정한 항목 목록. 채워 넣을수록 정확해집니다.
A13: ▸ 색상 규칙
B14: 노란 셀 | C14: 직접 입력하는 값 (구매가격, 사용량, 판매가, 고정비 …)
B15: 회색 셀 | C15: 수식이 자동 계산하는 값 — 덮어쓰지 마세요
B16: ✅ 양호 | C16: 식재료 원가율이 목표(기본 30%) 이하
B17: 🟡 주의 | C17: 목표 초과 ~ 주의선(기본 38%) 이하
B18: 🔴 과다 | C18: 주의선 초과 — 레시피·판매가 재검토 필요
A20: ▸ 계산 방식
B21: 단가 | C21: 무게 품목: 구매가격 ÷ 총중량(g) → 원/g · 개수 품목: 구매가격 ÷ 규격수량 → 원/개
B22: 재료비 | C22: 사용량 ÷ 수율 × g당 단가 (수율 100% 면 사용량 × 단가)
B23: 프렙 g당 원가 | C23: 프렙 총 재료비 ÷ 완성중량(g)
B24: 식재료 원가 | C24: 해당 메뉴의 재료비 전부 합계 (⑤ 시트 SUMIF)
B25: 공급가액 | C25: 판매가 ÷ 부가세 계수 — 판매가가 부가세 포함이면 실제로 매장에 남는 금액
B26: 고정비 배분 | C26: 공급가액 × (배분대상 고정비 ÷ 월 매출 공급가액)
B27: 총원가 / 마진 | C27: 총원가 = 식재료 원가 + 고정비 배분, 마진 = 공급가액 − 총원가
B28: 원가율·마진율 | C28: 모두 판매가가 아니라 공급가액을 기준으로 계산합니다 (부가세는 매출이 아니므로)
A30: ▸ 꼭 알아두실 점
B31: 고정비 조정 | C31: 원본 고정비 목록의 「외상 매입금-식재료비(월 1,700만원)」는 메뉴별 식재료 원가에 이미 반영되어 있어 그대로 두면 이중 계산됩니다. 그래서 ③ 시트에서 「제외」로 두었습니다. 포함시키려면 「포함」으로 바꾸면 됩니다.
B32: 오류 방지 | C32: 모든 나눗셈은 분모가 0이면 0을 돌려주고, 모든 조회는 IFERROR로 감쌌습니다. 재료명을 바꾸거나 지워도 #DIV/0!·#N/A 가 뜨지 않습니다.
B33: 재료 추가 | C33: ⑤ 시트에서 줄을 복사해 메뉴명·재료명만 바꾸면 됩니다. 재료명은 ① 시트의 이름과 정확히 같아야 단가가 잡힙니다.
B34: 웹·모바일 | C34: 같은 데이터로 만든 웹 버전에서는 PC·휴대폰 모두에서 단가를 수정하고 이 엑셀을 다시 내려받을 수 있습니다.
A36: ▸ 오픈소스 라이선스 고지
B37: ExcelJS (MIT) | C37: Copyright (c) 2014-2019 Guyon Roche · https://github.com/exceljs/exceljs — 이 파일을 만드는 데 사용되었습니다. MIT 라이선스 전문은 함께 제공되는 THIRD-PARTY-NOTICES 문서를 참고하세요.

Sheet ⑥ 분석 대시보드
A1: ⑥ 분석 대시보드
A2: ① ~ ⑤ 시트의 값이 바뀌면 이 시트도 함께 자동으로 갱신됩니다.
B4: 전체 메뉴 | D4: 평균 식재료 원가율 | F4: 평균 총원가율 | H4: 평균 마진율 | J4: 고정비 배분율
B5: =COUNTA('④ 메뉴 원가표'!$C$6:$C$9) | D5: =IF('④ 메뉴 원가표'!$E$10>0,'④ 메뉴 원가표'!$F$10/'④ 메뉴 원가표'!$E$10,0) | F5: =IF('④ 메뉴 원가표'!$E$10>0,'④ 메뉴 원가표'!$I$10/'④ 메뉴 원가표'!$E$10,0) | H5: =IF('④ 메뉴 원가표'!$E$10>0,('④ 메뉴 원가표'!$E$10-'④ 메뉴 원가표'!$I$10)/'④ 메뉴 원가표'!$E$10,0) | J5: ='③ 고정비 설정'!$C$20
A7: ▸ 원가율 판정 현황
B8: ✅ 양호 | D8: =COUNTIF('④ 메뉴 원가표'!$M$6:$M$9,"*양호*") | E8: =IF(COUNTA('④ 메뉴 원가표'!$C$6:$C$9)>0,D8/COUNTA('④ 메뉴 원가표'!$C$6:$C$9),0)
B9: 🟡 주의 | D9: =COUNTIF('④ 메뉴 원가표'!$M$6:$M$9,"*주의*") | E9: =IF(COUNTA('④ 메뉴 원가표'!$C$6:$C$9)>0,D9/COUNTA('④ 메뉴 원가표'!$C$6:$C$9),0)
B10: 🔴 과다 | D10: =COUNTIF('④ 메뉴 원가표'!$M$6:$M$9,"*과다*") | E10: =IF(COUNTA('④ 메뉴 원가표'!$C$6:$C$9)>0,D10/COUNTA('④ 메뉴 원가표'!$C$6:$C$9),0)
B11: ⬜ 판매가 미입력 | D11: =COUNTIF('④ 메뉴 원가표'!$M$6:$M$9,"*판매가*") | E11: =IF(COUNTA('④ 메뉴 원가표'!$C$6:$C$9)>0,D11/COUNTA('④ 메뉴 원가표'!$C$6:$C$9),0)
A13: ▸ 카테고리별 원가 분석
B14: 카테고리 | C14: 메뉴수 | D14: 판매가 합계 | E14: 공급가액 | F14: 식재료원가 | G14: 원가율 | H14: 고정비배분 | I14: 총원가 | J14: 마진율
B15: 🍳 메인 요리 | C15: =COUNTIF('④ 메뉴 원가표'!$B$6:$B$9,"🍳 메인 요리") | D15: =SUMIF('④ 메뉴 원가표'!$B$6:$B$9,"🍳 메인 요리",'④ 메뉴 원가표'!$D$6:$D$9) | E15: =SUMIF('④ 메뉴 원가표'!$B$6:$B$9,"🍳 메인 요리",'④ 메뉴 원가표'!$E$6:$E$9) | F15: =SUMIF('④ 메뉴 원가표'!$B$6:$B$9,"🍳 메인 요리",'④ 메뉴 원가표'!$F$6:$F$9) | G15: =IF(E15>0,F15/E15,"") | H15: =SUMIF('④ 메뉴 원가표'!$B$6:$B$9,"🍳 메인 요리",'④ 메뉴 원가표'!$H$6:$H$9) | I15: =SUMIF('④ 메뉴 원가표'!$B$6:$B$9,"🍳 메인 요리",'④ 메뉴 원가표'!$I$6:$I$9) | J15: =IF(E15>0,(E15-I15)/E15,"")
B16: 🥗 사이드 | C16: =COUNTIF('④ 메뉴 원가표'!$B$6:$B$9,"🥗 사이드") | D16: =SUMIF('④ 메뉴 원가표'!$B$6:$B$9,"🥗 사이드",'④ 메뉴 원가표'!$D$6:$D$9) | E16: =SUMIF('④ 메뉴 원가표'!$B$6:$B$9,"🥗 사이드",'④ 메뉴 원가표'!$E$6:$E$9) | F16: =SUMIF('④ 메뉴 원가표'!$B$6:$B$9,"🥗 사이드",'④ 메뉴 원가표'!$F$6:$F$9) | G16: =IF(E16>0,F16/E16,"") | H16: =SUMIF('④ 메뉴 원가표'!$B$6:$B$9,"🥗 사이드",'④ 메뉴 원가표'!$H$6:$H$9) | I16: =SUMIF('④ 메뉴 원가표'!$B$6:$B$9,"🥗 사이드",'④ 메뉴 원가표'!$I$6:$I$9) | J16: =IF(E16>0,(E16-I16)/E16,"")
B17: 🥤 음료 | C17: =COUNTIF('④ 메뉴 원가표'!$B$6:$B$9,"🥤 음료") | D17: =SUMIF('④ 메뉴 원가표'!$B$6:$B$9,"🥤 음료",'④ 메뉴 원가표'!$D$6:$D$9) | E17: =SUMIF('④ 메뉴 원가표'!$B$6:$B$9,"🥤 음료",'④ 메뉴 원가표'!$E$6:$E$9) | F17: =SUMIF('④ 메뉴 원가표'!$B$6:$B$9,"🥤 음료",'④ 메뉴 원가표'!$F$6:$F$9) | G17: =IF(E17>0,F17/E17,"") | H17: =SUMIF('④ 메뉴 원가표'!$B$6:$B$9,"🥤 음료",'④ 메뉴 원가표'!$H$6:$H$9) | I17: =SUMIF('④ 메뉴 원가표'!$B$6:$B$9,"🥤 음료",'④ 메뉴 원가표'!$I$6:$I$9) | J17: =IF(E17>0,(E17-I17)/E17,"")
B18: 🍽 세트메뉴 | C18: =COUNTIF('④ 메뉴 원가표'!$B$6:$B$9,"🍽 세트메뉴") | D18: =SUMIF('④ 메뉴 원가표'!$B$6:$B$9,"🍽 세트메뉴",'④ 메뉴 원가표'!$D$6:$D$9) | E18: =SUMIF('④ 메뉴 원가표'!$B$6:$B$9,"🍽 세트메뉴",'④ 메뉴 원가표'!$E$6:$E$9) | F18: =SUMIF('④ 메뉴 원가표'!$B$6:$B$9,"🍽 세트메뉴",'④ 메뉴 원가표'!$F$6:$F$9) | G18: =IF(E18>0,F18/E18,"") | H18: =SUMIF('④ 메뉴 원가표'!$B$6:$B$9,"🍽 세트메뉴",'④ 메뉴 원가표'!$H$6:$H$9) | I18: =SUMIF('④ 메뉴 원가표'!$B$6:$B$9,"🍽 세트메뉴",'④ 메뉴 원가표'!$I$6:$I$9) | J18: =IF(E18>0,(E18-I18)/E18,"")
A20: ▸ 식재료 원가율 상위 10 (개선 우선순위)
B21: 순위 | C21: 메뉴명 | D21: 판매가 | E21: 식재료원가 | F21: 원가율 | H21: 원가율 하위 10 (효자 메뉴)
B22: 1 | C22: =IFERROR(INDEX('④ 메뉴 원가표'!$C$6:$C$9,MATCH(LARGE('④ 메뉴 원가표'!$N$6:$N$9,1),'④ 메뉴 원가표'!$N$6:$N$9,0)),"") | D22: =IFERROR(INDEX('④ 메뉴 원가표'!$D$6:$D$9,MATCH(LARGE('④ 메뉴 원가표'!$N$6:$N$9,1),'④ 메뉴 원가표'!$N$6:$N$9,0)),"") | E22: =IFERROR(INDEX('④ 메뉴 원가표'!$F$6:$F$9,MATCH(LARGE('④ 메뉴 원가표'!$N$6:$N$9,1),'④ 메뉴 원가표'!$N$6:$N$9,0)),"") | F22: =IFERROR(INDEX('④ 메뉴 원가표'!$G$6:$G$9,MATCH(LARGE('④ 메뉴 원가표'!$N$6:$N$9,1),'④ 메뉴 원가표'!$N$6:$N$9,0)),"") | H22: 1 | I22: =IFERROR(INDEX('④ 메뉴 원가표'!$C$6:$C$9,MATCH(SMALL('④ 메뉴 원가표'!$N$6:$N$9,1),'④ 메뉴 원가표'!$N$6:$N$9,0)),"") | J22: =IFERROR(INDEX('④ 메뉴 원가표'!$G$6:$G$9,MATCH(SMALL('④ 메뉴 원가표'!$N$6:$N$9,1),'④ 메뉴 원가표'!$N$6:$N$9,0)),"")
B23: 2 | C23: =IFERROR(INDEX('④ 메뉴 원가표'!$C$6:$C$9,MATCH(LARGE('④ 메뉴 원가표'!$N$6:$N$9,2),'④ 메뉴 원가표'!$N$6:$N$9,0)),"") | D23: =IFERROR(INDEX('④ 메뉴 원가표'!$D$6:$D$9,MATCH(LARGE('④ 메뉴 원가표'!$N$6:$N$9,2),'④ 메뉴 원가표'!$N$6:$N$9,0)),"") | E23: =IFERROR(INDEX('④ 메뉴 원가표'!$F$6:$F$9,MATCH(LARGE('④ 메뉴 원가표'!$N$6:$N$9,2),'④ 메뉴 원가표'!$N$6:$N$9,0)),"") | F23: =IFERROR(INDEX('④ 메뉴 원가표'!$G$6:$G$9,MATCH(LARGE('④ 메뉴 원가표'!$N$6:$N$9,2),'④ 메뉴 원가표'!$N$6:$N$9,0)),"") | H23: 2 | I23: =IFERROR(INDEX('④ 메뉴 원가표'!$C$6:$C$9,MATCH(SMALL('④ 메뉴 원가표'!$N$6:$N$9,2),'④ 메뉴 원가표'!$N$6:$N$9,0)),"") | J23: =IFERROR(INDEX('④ 메뉴 원가표'!$G$6:$G$9,MATCH(SMALL('④ 메뉴 원가표'!$N$6:$N$9,2),'④ 메뉴 원가표'!$N$6:$N$9,0)),"")
B24: 3 | C24: =IFERROR(INDEX('④ 메뉴 원가표'!$C$6:$C$9,MATCH(LARGE('④ 메뉴 원가표'!$N$6:$N$9,3),'④ 메뉴 원가표'!$N$6:$N$9,0)),"") | D24: =IFERROR(INDEX('④ 메뉴 원가표'!$D$6:$D$9,MATCH(LARGE('④ 메뉴 원가표'!$N$6:$N$9,3),'④ 메뉴 원가표'!$N$6:$N$9,0)),"") | E24: =IFERROR(INDEX('④ 메뉴 원가표'!$F$6:$F$9,MATCH(LARGE('④ 메뉴 원가표'!$N$6:$N$9,3),'④ 메뉴 원가표'!$N$6:$N$9,0)),"") | F24: =IFERROR(INDEX('④ 메뉴 원가표'!$G$6:$G$9,MATCH(LARGE('④ 메뉴 원가표'!$N$6:$N$9,3),'④ 메뉴 원가표'!$N$6:$N$9,0)),"") | H24: 3 | I24: =IFERROR(INDEX('④ 메뉴 원가표'!$C$6:$C$9,MATCH(SMALL('④ 메뉴 원가표'!$N$6:$N$9,3),'④ 메뉴 원가표'!$N$6:$N$9,0)),"") | J24: =IFERROR(INDEX('④ 메뉴 원가표'!$G$6:$G$9,MATCH(SMALL('④ 메뉴 원가표'!$N$6:$N$9,3),'④ 메뉴 원가표'!$N$6:$N$9,0)),"")
B25: 4 | C25: =IFERROR(INDEX('④ 메뉴 원가표'!$C$6:$C$9,MATCH(LARGE('④ 메뉴 원가표'!$N$6:$N$9,4),'④ 메뉴 원가표'!$N$6:$N$9,0)),"") | D25: =IFERROR(INDEX('④ 메뉴 원가표'!$D$6:$D$9,MATCH(LARGE('④ 메뉴 원가표'!$N$6:$N$9,4),'④ 메뉴 원가표'!$N$6:$N$9,0)),"") | E25: =IFERROR(INDEX('④ 메뉴 원가표'!$F$6:$F$9,MATCH(LARGE('④ 메뉴 원가표'!$N$6:$N$9,4),'④ 메뉴 원가표'!$N$6:$N$9,0)),"") | F25: =IFERROR(INDEX('④ 메뉴 원가표'!$G$6:$G$9,MATCH(LARGE('④ 메뉴 원가표'!$N$6:$N$9,4),'④ 메뉴 원가표'!$N$6:$N$9,0)),"") | H25: 4 | I25: =IFERROR(INDEX('④ 메뉴 원가표'!$C$6:$C$9,MATCH(SMALL('④ 메뉴 원가표'!$N$6:$N$9,4),'④ 메뉴 원가표'!$N$6:$N$9,0)),"") | J25: =IFERROR(INDEX('④ 메뉴 원가표'!$G$6:$G$9,MATCH(SMALL('④ 메뉴 원가표'!$N$6:$N$9,4),'④ 메뉴 원가표'!$N$6:$N$9,0)),"")
B26: 5 | C26: =IFERROR(INDEX('④ 메뉴 원가표'!$C$6:$C$9,MATCH(LARGE('④ 메뉴 원가표'!$N$6:$N$9,5),'④ 메뉴 원가표'!$N$6:$N$9,0)),"") | D26: =IFERROR(INDEX('④ 메뉴 원가표'!$D$6:$D$9,MATCH(LARGE('④ 메뉴 원가표'!$N$6:$N$9,5),'④ 메뉴 원가표'!$N$6:$N$9,0)),"") | E26: =IFERROR(INDEX('④ 메뉴 원가표'!$F$6:$F$9,MATCH(LARGE('④ 메뉴 원가표'!$N$6:$N$9,5),'④ 메뉴 원가표'!$N$6:$N$9,0)),"") | F26: =IFERROR(INDEX('④ 메뉴 원가표'!$G$6:$G$9,MATCH(LARGE('④ 메뉴 원가표'!$N$6:$N$9,5),'④ 메뉴 원가표'!$N$6:$N$9,0)),"") | H26: 5 | I26: =IFERROR(INDEX('④ 메뉴 원가표'!$C$6:$C$9,MATCH(SMALL('④ 메뉴 원가표'!$N$6:$N$9,5),'④ 메뉴 원가표'!$N$6:$N$9,0)),"") | J26: =IFERROR(INDEX('④ 메뉴 원가표'!$G$6:$G$9,MATCH(SMALL('④ 메뉴 원가표'!$N$6:$N$9,5),'④ 메뉴 원가표'!$N$6:$N$9,0)),"")
B27: 6 | C27: =IFERROR(INDEX('④ 메뉴 원가표'!$C$6:$C$9,MATCH(LARGE('④ 메뉴 원가표'!$N$6:$N$9,6),'④ 메뉴 원가표'!$N$6:$N$9,0)),"") | D27: =IFERROR(INDEX('④ 메뉴 원가표'!$D$6:$D$9,MATCH(LARGE('④ 메뉴 원가표'!$N$6:$N$9,6),'④ 메뉴 원가표'!$N$6:$N$9,0)),"") | E27: =IFERROR(INDEX('④ 메뉴 원가표'!$F$6:$F$9,MATCH(LARGE('④ 메뉴 원가표'!$N$6:$N$9,6),'④ 메뉴 원가표'!$N$6:$N$9,0)),"") | F27: =IFERROR(INDEX('④ 메뉴 원가표'!$G$6:$G$9,MATCH(LARGE('④ 메뉴 원가표'!$N$6:$N$9,6),'④ 메뉴 원가표'!$N$6:$N$9,0)),"") | H27: 6 | I27: =IFERROR(INDEX('④ 메뉴 원가표'!$C$6:$C$9,MATCH(SMALL('④ 메뉴 원가표'!$N$6:$N$9,6),'④ 메뉴 원가표'!$N$6:$N$9,0)),"") | J27: =IFERROR(INDEX('④ 메뉴 원가표'!$G$6:$G$9,MATCH(SMALL('④ 메뉴 원가표'!$N$6:$N$9,6),'④ 메뉴 원가표'!$N$6:$N$9,0)),"")
B28: 7 | C28: =IFERROR(INDEX('④ 메뉴 원가표'!$C$6:$C$9,MATCH(LARGE('④ 메뉴 원가표'!$N$6:$N$9,7),'④ 메뉴 원가표'!$N$6:$N$9,0)),"") | D28: =IFERROR(INDEX('④ 메뉴 원가표'!$D$6:$D$9,MATCH(LARGE('④ 메뉴 원가표'!$N$6:$N$9,7),'④ 메뉴 원가표'!$N$6:$N$9,0)),"") | E28: =IFERROR(INDEX('④ 메뉴 원가표'!$F$6:$F$9,MATCH(LARGE('④ 메뉴 원가표'!$N$6:$N$9,7),'④ 메뉴 원가표'!$N$6:$N$9,0)),"") | F28: =IFERROR(INDEX('④ 메뉴 원가표'!$G$6:$G$9,MATCH(LARGE('④ 메뉴 원가표'!$N$6:$N$9,7),'④ 메뉴 원가표'!$N$6:$N$9,0)),"") | H28: 7 | I28: =IFERROR(INDEX('④ 메뉴 원가표'!$C$6:$C$9,MATCH(SMALL('④ 메뉴 원가표'!$N$6:$N$9,7),'④ 메뉴 원가표'!$N$6:$N$9,0)),"") | J28: =IFERROR(INDEX('④ 메뉴 원가표'!$G$6:$G$9,MATCH(SMALL('④ 메뉴 원가표'!$N$6:$N$9,7),'④ 메뉴 원가표'!$N$6:$N$9,0)),"")
B29: 8 | C29: =IFERROR(INDEX('④ 메뉴 원가표'!$C$6:$C$9,MATCH(LARGE('④ 메뉴 원가표'!$N$6:$N$9,8),'④ 메뉴 원가표'!$N$6:$N$9,0)),"") | D29: =IFERROR(INDEX('④ 메뉴 원가표'!$D$6:$D$9,MATCH(LARGE('④ 메뉴 원가표'!$N$6:$N$9,8),'④ 메뉴 원가표'!$N$6:$N$9,0)),"") | E29: =IFERROR(INDEX('④ 메뉴 원가표'!$F$6:$F$9,MATCH(LARGE('④ 메뉴 원가표'!$N$6:$N$9,8),'④ 메뉴 원가표'!$N$6:$N$9,0)),"") | F29: =IFERROR(INDEX('④ 메뉴 원가표'!$G$6:$G$9,MATCH(LARGE('④ 메뉴 원가표'!$N$6:$N$9,8),'④ 메뉴 원가표'!$N$6:$N$9,0)),"") | H29: 8 | I29: =IFERROR(INDEX('④ 메뉴 원가표'!$C$6:$C$9,MATCH(SMALL('④ 메뉴 원가표'!$N$6:$N$9,8),'④ 메뉴 원가표'!$N$6:$N$9,0)),"") | J29: =IFERROR(INDEX('④ 메뉴 원가표'!$G$6:$G$9,MATCH(SMALL('④ 메뉴 원가표'!$N$6:$N$9,8),'④ 메뉴 원가표'!$N$6:$N$9,0)),"")
B30: 9 | C30: =IFERROR(INDEX('④ 메뉴 원가표'!$C$6:$C$9,MATCH(LARGE('④ 메뉴 원가표'!$N$6:$N$9,9),'④ 메뉴 원가표'!$N$6:$N$9,0)),"") | D30: =IFERROR(INDEX('④ 메뉴 원가표'!$D$6:$D$9,MATCH(LARGE('④ 메뉴 원가표'!$N$6:$N$9,9),'④ 메뉴 원가표'!$N$6:$N$9,0)),"") | E30: =IFERROR(INDEX('④ 메뉴 원가표'!$F$6:$F$9,MATCH(LARGE('④ 메뉴 원가표'!$N$6:$N$9,9),'④ 메뉴 원가표'!$N$6:$N$9,0)),"") | F30: =IFERROR(INDEX('④ 메뉴 원가표'!$G$6:$G$9,MATCH(LARGE('④ 메뉴 원가표'!$N$6:$N$9,9),'④ 메뉴 원가표'!$N$6:$N$9,0)),"") | H30: 9 | I30: =IFERROR(INDEX('④ 메뉴 원가표'!$C$6:$C$9,MATCH(SMALL('④ 메뉴 원가표'!$N$6:$N$9,9),'④ 메뉴 원가표'!$N$6:$N$9,0)),"") | J30: =IFERROR(INDEX('④ 메뉴 원가표'!$G$6:$G$9,MATCH(SMALL('④ 메뉴 원가표'!$N$6:$N$9,9),'④ 메뉴 원가표'!$N$6:$N$9,0)),"")
B31: 10 | C31: =IFERROR(INDEX('④ 메뉴 원가표'!$C$6:$C$9,MATCH(LARGE('④ 메뉴 원가표'!$N$6:$N$9,10),'④ 메뉴 원가표'!$N$6:$N$9,0)),"") | D31: =IFERROR(INDEX('④ 메뉴 원가표'!$D$6:$D$9,MATCH(LARGE('④ 메뉴 원가표'!$N$6:$N$9,10),'④ 메뉴 원가표'!$N$6:$N$9,0)),"") | E31: =IFERROR(INDEX('④ 메뉴 원가표'!$F$6:$F$9,MATCH(LARGE('④ 메뉴 원가표'!$N$6:$N$9,10),'④ 메뉴 원가표'!$N$6:$N$9,0)),"") | F31: =IFERROR(INDEX('④ 메뉴 원가표'!$G$6:$G$9,MATCH(LARGE('④ 메뉴 원가표'!$N$6:$N$9,10),'④ 메뉴 원가표'!$N$6:$N$9,0)),"") | H31: 10 | I31: =IFERROR(INDEX('④ 메뉴 원가표'!$C$6:$C$9,MATCH(SMALL('④ 메뉴 원가표'!$N$6:$N$9,10),'④ 메뉴 원가표'!$N$6:$N$9,0)),"") | J31: =IFERROR(INDEX('④ 메뉴 원가표'!$G$6:$G$9,MATCH(SMALL('④ 메뉴 원가표'!$N$6:$N$9,10),'④ 메뉴 원가표'!$N$6:$N$9,0)),"")

Sheet ④ 메뉴 원가표
A1: ④ 메뉴 원가표
A2: 메뉴 4개 전체. 판매가(노란 셀)만 고치면 원가율·마진이 즉시 다시 계산됩니다.
A3: 💡 공급가액 = 판매가 ÷ 부가세 계수 (③ 시트). 원가율·마진은 모두 공급가액 기준입니다. 고정비 배분 = 공급가액 × 고정비 배분율. 총원가 = 식재료원가 + 고정비 배분.
A5: No. | B5: 카테고리 | C5: 메뉴명 | D5: 판매가(원) | E5: 공급가액 | F5: 식재료원가 | G5: 식재료 원가율 | H5: 고정비배분 | I5: 총원가 | J5: 총원가율 | K5: 마진(원) | L5: 마진율 | M5: 판정 | N5: 정렬키
A6: 1 | B6: 🍳 메인 요리 | C6: 치킨 볶음밥 | D6: 9000 | E6: =ROUND($D6/'③ 고정비 설정'!$C$17,0) | F6: =ROUND(SUMIF('⑤ 레시피 상세'!$B$6:$B$21,$C6,'⑤ 레시피 상세'!$K$6:$K$21),1) | G6: =IF($E6>0,$F6/$E6,"") | H6: =ROUND($E6*'③ 고정비 설정'!$C$20,0) | I6: =ROUND($F6+$H6,0) | J6: =IF($E6>0,$I6/$E6,"") | K6: =IF($E6>0,$E6-$I6,"") | L6: =IF($E6>0,$K6/$E6,"") | M6: =IF($D6<=0,"⬜ 판매가 입력",IF($F6<=0,"⬜ 재료 확인",IF($G6<='③ 고정비 설정'!$C$21,"✅ 양호",IF($G6<='③ 고정비 설정'!$C$22,"🟡 주의","🔴 과다")))) | N6: =IF($D6>0,$G6+ROW()/1000000,"")
A7: 2 | B7: 🥗 사이드 | C7: 감자 크림 수프 | D7: 5000 | E7: =ROUND($D7/'③ 고정비 설정'!$C$17,0) | F7: =ROUND(SUMIF('⑤ 레시피 상세'!$B$6:$B$21,$C7,'⑤ 레시피 상세'!$K$6:$K$21),1) | G7: =IF($E7>0,$F7/$E7,"") | H7: =ROUND($E7*'③ 고정비 설정'!$C$20,0) | I7: =ROUND($F7+$H7,0) | J7: =IF($E7>0,$I7/$E7,"") | K7: =IF($E7>0,$E7-$I7,"") | L7: =IF($E7>0,$K7/$E7,"") | M7: =IF($D7<=0,"⬜ 판매가 입력",IF($F7<=0,"⬜ 재료 확인",IF($G7<='③ 고정비 설정'!$C$21,"✅ 양호",IF($G7<='③ 고정비 설정'!$C$22,"🟡 주의","🔴 과다")))) | N7: =IF($D7>0,$G7+ROW()/1000000,"")
A8: 3 | B8: 🥤 음료 | C8: 콜라 | D8: 2000 | E8: =ROUND($D8/'③ 고정비 설정'!$C$17,0) | F8: =ROUND(SUMIF('⑤ 레시피 상세'!$B$6:$B$21,$C8,'⑤ 레시피 상세'!$K$6:$K$21),1) | G8: =IF($E8>0,$F8/$E8,"") | H8: =ROUND($E8*'③ 고정비 설정'!$C$20,0) | I8: =ROUND($F8+$H8,0) | J8: =IF($E8>0,$I8/$E8,"") | K8: =IF($E8>0,$E8-$I8,"") | L8: =IF($E8>0,$K8/$E8,"") | M8: =IF($D8<=0,"⬜ 판매가 입력",IF($F8<=0,"⬜ 재료 확인",IF($G8<='③ 고정비 설정'!$C$21,"✅ 양호",IF($G8<='③ 고정비 설정'!$C$22,"🟡 주의","🔴 과다")))) | N8: =IF($D8>0,$G8+ROW()/1000000,"")
A9: 4 | B9: 🍽 세트메뉴 | C9: 런치 세트 | D9: 12000 | E9: =ROUND($D9/'③ 고정비 설정'!$C$17,0) | F9: =ROUND(SUMIF('⑤ 레시피 상세'!$B$22:$B$23,$C9,'⑤ 레시피 상세'!$K$22:$K$23),1) | G9: =IF($E9>0,$F9/$E9,"") | H9: =ROUND($E9*'③ 고정비 설정'!$C$20,0) | I9: =ROUND($F9+$H9,0) | J9: =IF($E9>0,$I9/$E9,"") | K9: =IF($E9>0,$E9-$I9,"") | L9: =IF($E9>0,$K9/$E9,"") | M9: =IF($D9<=0,"⬜ 판매가 입력",IF($F9<=0,"⬜ 재료 확인",IF($G9<='③ 고정비 설정'!$C$21,"✅ 양호",IF($G9<='③ 고정비 설정'!$C$22,"🟡 주의","🔴 과다")))) | N9: =IF($D9>0,$G9+ROW()/1000000,"")
A10: 합 계 / 가중평균 | D10: =SUM(D6:D9) | E10: =SUM(E6:E9) | F10: =SUM(F6:F9) | G10: =IF(E10>0,F10/E10,"") | H10: =SUM(H6:H9) | I10: =SUM(I6:I9) | J10: =IF(E10>0,I10/E10,"") | K10: =IF(E10>0,E10-I10,"") | L10: =IF(E10>0,K10/E10,"") | M10: ="✅"&COUNTIF(M6:M9,"*양호*")&" 🟡"&COUNTIF(M6:M9,"*주의*")&" 🔴"&COUNTIF(M6:M9,"*과다*")

Sheet ⑤ 레시피 상세
A1: ⑤ 레시피 상세 원가
A2: 레시피북과 동일한 재료·사용량. 한 줄 = 재료 1개. 사용량·수율만 고치면 메뉴 원가가 자동 갱신됩니다.
A3: 💡 재료비 = 사용량 ÷ 수율 × g당 단가. 구분이 「메뉴」인 줄(세트메뉴 구성품)은 = 수량 × 해당 단품의 식재료 원가. 「무료」는 수돗물 등 원가 0.
A5: 카테고리 | B5: 메뉴명 | C5: 순번 | D5: 구분 | E5: 재료 / 구성 | F5: 레시피북 표기 | G5: 사용량 | H5: 단위 | I5: 수율 | J5: g당 단가(원) | K5: 재료비(원) | L5: 비고
A6: 🍳 메인 요리 | B6: 치킨 볶음밥 | C6: 1 | D6: 식재료 | E6: 쌀 | G6: 200 | H6: g | I6: 1 | J6: =IF($D6="무료",0,IF($D6="메뉴",0,IF($D6="프렙",IFERROR(VLOOKUP($E6,'② 프렙 원가'!$B$6:$F$6,5,FALSE),0),IFERROR(VLOOKUP($E6,'① 식재료 단가'!$B$6:$G$19,6,FALSE),0)))) | K6: =IF($D6="메뉴",ROUND($G6*$J6,1),IF($I6>0,ROUND($G6/$I6*$J6,1),0)) | L6: 지은 밥 기준
A7: 🍳 메인 요리 | B7: 치킨 볶음밥 | C7: 2 | D7: 식재료 | E7: 닭가슴살 | G7: 100 | H7: g | I7: 0.9 | J7: =IF($D7="무료",0,IF($D7="메뉴",0,IF($D7="프렙",IFERROR(VLOOKUP($E7,'② 프렙 원가'!$B$6:$F$6,5,FALSE),0),IFERROR(VLOOKUP($E7,'① 식재료 단가'!$B$6:$G$19,6,FALSE),0)))) | K7: =IF($D7="메뉴",ROUND($G7*$J7,1),IF($I7>0,ROUND($G7/$I7*$J7,1),0)) | L7: 손질 손실 10% 반영
A8: 🍳 메인 요리 | B8: 치킨 볶음밥 | C8: 3 | D8: 식재료 | E8: 양파 | G8: 30 | H8: g | I8: 1 | J8: =IF($D8="무료",0,IF($D8="메뉴",0,IF($D8="프렙",IFERROR(VLOOKUP($E8,'② 프렙 원가'!$B$6:$F$6,5,FALSE),0),IFERROR(VLOOKUP($E8,'① 식재료 단가'!$B$6:$G$19,6,FALSE),0)))) | K8: =IF($D8="메뉴",ROUND($G8*$J8,1),IF($I8>0,ROUND($G8/$I8*$J8,1),0)) | L8: 잘게 썰기
A9: 🍳 메인 요리 | B9: 치킨 볶음밥 | C9: 4 | D9: 식재료 | E9: 당근 | G9: 20 | H9: g | I9: 1 | J9: =IF($D9="무료",0,IF($D9="메뉴",0,IF($D9="프렙",IFERROR(VLOOKUP($E9,'② 프렙 원가'!$B$6:$F$6,5,FALSE),0),IFERROR(VLOOKUP($E9,'① 식재료 단가'!$B$6:$G$19,6,FALSE),0)))) | K9: =IF($D9="메뉴",ROUND($G9*$J9,1),IF($I9>0,ROUND($G9/$I9*$J9,1),0)) | L9: 잘게 썰기
A10: 🍳 메인 요리 | B10: 치킨 볶음밥 | C10: 5 | D10: 식재료 | E10: 식용유 | G10: 15 | H10: g | I10: 1 | J10: =IF($D10="무료",0,IF($D10="메뉴",0,IF($D10="프렙",IFERROR(VLOOKUP($E10,'② 프렙 원가'!$B$6:$F$6,5,FALSE),0),IFERROR(VLOOKUP($E10,'① 식재료 단가'!$B$6:$G$19,6,FALSE),0)))) | K10: =IF($D10="메뉴",ROUND($G10*$J10,1),IF($I10>0,ROUND($G10/$I10*$J10,1),0))
A11: 🍳 메인 요리 | B11: 치킨 볶음밥 | C11: 6 | D11: 식재료 | E11: 소금 | G11: 3 | H11: g | I11: 1 | J11: =IF($D11="무료",0,IF($D11="메뉴",0,IF($D11="프렙",IFERROR(VLOOKUP($E11,'② 프렙 원가'!$B$6:$F$6,5,FALSE),0),IFERROR(VLOOKUP($E11,'① 식재료 단가'!$B$6:$G$19,6,FALSE),0)))) | K11: =IF($D11="메뉴",ROUND($G11*$J11,1),IF($I11>0,ROUND($G11/$I11*$J11,1),0))
A12: 🍳 메인 요리 | B12: 치킨 볶음밥 | C12: 7 | D12: 식재료 | E12: 후추 | G12: 1 | H12: g | I12: 1 | J12: =IF($D12="무료",0,IF($D12="메뉴",0,IF($D12="프렙",IFERROR(VLOOKUP($E12,'② 프렙 원가'!$B$6:$F$6,5,FALSE),0),IFERROR(VLOOKUP($E12,'① 식재료 단가'!$B$6:$G$19,6,FALSE),0)))) | K12: =IF($D12="메뉴",ROUND($G12*$J12,1),IF($I12>0,ROUND($G12/$I12*$J12,1),0))
A13: 🍳 메인 요리 | B13: 치킨 볶음밥 | C13: 8 | D13: 식재료 | E13: 대파 | G13: 10 | H13: g | I13: 1 | J13: =IF($D13="무료",0,IF($D13="메뉴",0,IF($D13="프렙",IFERROR(VLOOKUP($E13,'② 프렙 원가'!$B$6:$F$6,5,FALSE),0),IFERROR(VLOOKUP($E13,'① 식재료 단가'!$B$6:$G$19,6,FALSE),0)))) | K13: =IF($D13="메뉴",ROUND($G13*$J13,1),IF($I13>0,ROUND($G13/$I13*$J13,1),0)) | L13: 고명
A14: 🍳 메인 요리 | B14: 치킨 볶음밥 | C14: 9 | D14: 프렙 | E14: 기본 볶음 소스 | G14: 40 | H14: g | I14: 1 | J14: =IF($D14="무료",0,IF($D14="메뉴",0,IF($D14="프렙",IFERROR(VLOOKUP($E14,'② 프렙 원가'!$B$6:$F$6,5,FALSE),0),IFERROR(VLOOKUP($E14,'① 식재료 단가'!$B$6:$G$19,6,FALSE),0)))) | K14: =IF($D14="메뉴",ROUND($G14*$J14,1),IF($I14>0,ROUND($G14/$I14*$J14,1),0)) | L14: 미리 만들어 둔 소스
A15: 🥗 사이드 | B15: 감자 크림 수프 | C15: 1 | D15: 식재료 | E15: 감자 | G15: 150 | H15: g | I15: 0.85 | J15: =IF($D15="무료",0,IF($D15="메뉴",0,IF($D15="프렙",IFERROR(VLOOKUP($E15,'② 프렙 원가'!$B$6:$F$6,5,FALSE),0),IFERROR(VLOOKUP($E15,'① 식재료 단가'!$B$6:$G$19,6,FALSE),0)))) | K15: =IF($D15="메뉴",ROUND($G15*$J15,1),IF($I15>0,ROUND($G15/$I15*$J15,1),0)) | L15: 껍질 손실 15% 반영
A16: 🥗 사이드 | B16: 감자 크림 수프 | C16: 2 | D16: 식재료 | E16: 양파 | G16: 30 | H16: g | I16: 1 | J16: =IF($D16="무료",0,IF($D16="메뉴",0,IF($D16="프렙",IFERROR(VLOOKUP($E16,'② 프렙 원가'!$B$6:$F$6,5,FALSE),0),IFERROR(VLOOKUP($E16,'① 식재료 단가'!$B$6:$G$19,6,FALSE),0)))) | K16: =IF($D16="메뉴",ROUND($G16*$J16,1),IF($I16>0,ROUND($G16/$I16*$J16,1),0))
A17: 🥗 사이드 | B17: 감자 크림 수프 | C17: 3 | D17: 식재료 | E17: 우유 | G17: 120 | H17: g | I17: 1 | J17: =IF($D17="무료",0,IF($D17="메뉴",0,IF($D17="프렙",IFERROR(VLOOKUP($E17,'② 프렙 원가'!$B$6:$F$6,5,FALSE),0),IFERROR(VLOOKUP($E17,'① 식재료 단가'!$B$6:$G$19,6,FALSE),0)))) | K17: =IF($D17="메뉴",ROUND($G17*$J17,1),IF($I17>0,ROUND($G17/$I17*$J17,1),0)) | L17: 120ml ≈ 120g
A18: 🥗 사이드 | B18: 감자 크림 수프 | C18: 4 | D18: 식재료 | E18: 버터 | G18: 10 | H18: g | I18: 1 | J18: =IF($D18="무료",0,IF($D18="메뉴",0,IF($D18="프렙",IFERROR(VLOOKUP($E18,'② 프렙 원가'!$B$6:$F$6,5,FALSE),0),IFERROR(VLOOKUP($E18,'① 식재료 단가'!$B$6:$G$19,6,FALSE),0)))) | K18: =IF($D18="메뉴",ROUND($G18*$J18,1),IF($I18>0,ROUND($G18/$I18*$J18,1),0))
A19: 🥗 사이드 | B19: 감자 크림 수프 | C19: 5 | D19: 식재료 | E19: 소금 | G19: 3 | H19: g | I19: 1 | J19: =IF($D19="무료",0,IF($D19="메뉴",0,IF($D19="프렙",IFERROR(VLOOKUP($E19,'② 프렙 원가'!$B$6:$F$6,5,FALSE),0),IFERROR(VLOOKUP($E19,'① 식재료 단가'!$B$6:$G$19,6,FALSE),0)))) | K19: =IF($D19="메뉴",ROUND($G19*$J19,1),IF($I19>0,ROUND($G19/$I19*$J19,1),0))
A20: 🥗 사이드 | B20: 감자 크림 수프 | C20: 6 | D20: 무료 | E20: 물 | G20: 100 | H20: g | I20: 1 | J20: =IF($D20="무료",0,IF($D20="메뉴",0,IF($D20="프렙",IFERROR(VLOOKUP($E20,'② 프렙 원가'!$B$6:$F$6,5,FALSE),0),IFERROR(VLOOKUP($E20,'① 식재료 단가'!$B$6:$G$19,6,FALSE),0)))) | K20: =IF($D20="메뉴",ROUND($G20*$J20,1),IF($I20>0,ROUND($G20/$I20*$J20,1),0)) | L20: 수돗물 — 원가 0원 처리
A21: 🥤 음료 | B21: 콜라 | C21: 1 | D21: 식재료 | E21: 콜라 (355ml 캔) | G21: 1 | H21: 개 | I21: 1 | J21: =IF($D21="무료",0,IF($D21="메뉴",0,IF($D21="프렙",IFERROR(VLOOKUP($E21,'② 프렙 원가'!$B$6:$F$6,5,FALSE),0),IFERROR(VLOOKUP($E21,'① 식재료 단가'!$B$6:$G$19,6,FALSE),0)))) | K21: =IF($D21="메뉴",ROUND($G21*$J21,1),IF($I21>0,ROUND($G21/$I21*$J21,1),0)) | L21: 개수로 계산되는 예시입니다
A22: 🍽 세트메뉴 | B22: 런치 세트 | C22: 1 | D22: 메뉴 | E22: 치킨 볶음밥 | G22: 1 | H22: 개 | I22: 1 | J22: =IF($D22="무료",0,IF($D22="메뉴",IFERROR(VLOOKUP($E22,'④ 메뉴 원가표'!$C$6:$F$8,4,FALSE),0),IF($D22="프렙",IFERROR(VLOOKUP($E22,'② 프렙 원가'!$B$6:$F$6,5,FALSE),0),IFERROR(VLOOKUP($E22,'① 식재료 단가'!$B$6:$G$19,6,FALSE),0)))) | K22: =IF($D22="메뉴",ROUND($G22*$J22,1),IF($I22>0,ROUND($G22/$I22*$J22,1),0)) | L22: 단품 원가를 그대로 가져옵니다
A23: 🍽 세트메뉴 | B23: 런치 세트 | C23: 2 | D23: 메뉴 | E23: 감자 크림 수프 | G23: 1 | H23: 개 | I23: 1 | J23: =IF($D23="무료",0,IF($D23="메뉴",IFERROR(VLOOKUP($E23,'④ 메뉴 원가표'!$C$6:$F$8,4,FALSE),0),IF($D23="프렙",IFERROR(VLOOKUP($E23,'② 프렙 원가'!$B$6:$F$6,5,FALSE),0),IFERROR(VLOOKUP($E23,'① 식재료 단가'!$B$6:$G$19,6,FALSE),0)))) | K23: =IF($D23="메뉴",ROUND($G23*$J23,1),IF($I23>0,ROUND($G23/$I23*$J23,1),0)) | L23: 단품 원가를 그대로 가져옵니다

Sheet ① 식재료 단가
A1: ① 식재료 단가
A2: 노란 셀(구매가격·규격)만 수정하세요. 단가와 전체 메뉴 원가가 자동으로 다시 계산됩니다.
A3: 💡 무게로 사는 것은 단가 = 구매가격 ÷ 총중량(g). 캔·포장용기처럼 개수로 사는 것은 단가 = 구매가격 ÷ 규격수량(원/개).
A5: No. | B5: 식재료명 | C5: 구매가격(원) | D5: 규격수량 | E5: 단위 | F5: 총중량(g) | G5: 단가 (원/g·원/개) | H5: 비고
A6: 1 | B6: 닭가슴살 | C6: 12000 | D6: 1 | E6: kg | F6: 1000 | G6: =IF(F6>0,C6/F6,0)
A7: 2 | B7: 쌀 | C7: 62000 | D7: 20 | E7: kg | F7: 20000 | G7: =IF(F7>0,C7/F7,0)
A8: 3 | B8: 양파 | C8: 14000 | D8: 15 | E8: kg | F8: 15000 | G8: =IF(F8>0,C8/F8,0)
A9: 4 | B9: 당근 | C9: 16500 | D9: 3 | E9: kg | F9: 3000 | G9: =IF(F9>0,C9/F9,0)
A10: 5 | B10: 감자 | C10: 35000 | D10: 20 | E10: kg | F10: 20000 | G10: =IF(F10>0,C10/F10,0)
A11: 6 | B11: 우유 | C11: 1650 | D11: 1 | E11: L | F11: 1000 | G11: =IF(F11>0,C11/F11,0)
A12: 7 | B12: 버터 | C12: 14500 | D12: 13.1 | E12: kg | F12: 13100 | G12: =IF(F12>0,C12/F12,0)
A13: 8 | B13: 식용유 | C13: 49500 | D13: 18 | E13: L | F13: 18000 | G13: =IF(F13>0,C13/F13,0)
A14: 9 | B14: 간장 | C14: 5500 | D14: 1.8 | E14: L | F14: 1800 | G14: =IF(F14>0,C14/F14,0)
A15: 10 | B15: 소금 | C15: 15000 | D15: 15 | E15: kg | F15: 15000 | G15: =IF(F15>0,C15/F15,0)
A16: 11 | B16: 후추 | C16: 9000 | D16: 0.4 | E16: kg | F16: 400 | G16: =IF(F16>0,C16/F16,0)
A17: 12 | B17: 대파 | C17: 4980 | D17: 0.5 | E17: kg | F17: 500 | G17: =IF(F17>0,C17/F17,0)
A18: 13 | B18: 콜라 (355ml 캔) | C18: 21000 | D18: 24 | E18: 개 | F18: 0 | G18: =IF(D18>0,C18/D18,0) | H18: 개수 단위 (원/개)
A19: 14 | B19: 배달 용기 (중) | C19: 60000 | D19: 500 | E19: 개 | F19: 0 | G19: =IF(D19>0,C19/D19,0) | H19: 개수 단위 (원/개)

Sheet ② 프렙 원가
A1: ② 프렙(반제품) 원가
A2: 커리 그레이비·탄두리 소스처럼 미리 만들어 두는 반제품의 g당 원가입니다. 투입량과 완성중량만 고치면 됩니다.
A3: 💡 g당 원가 = 총 재료비 ÷ 완성중량(g). 아래 [투입 재료 상세]의 투입량을 바꾸면 총 재료비가 자동 반영됩니다.
A5: No. | B5: 프렙 제품명 | C5: 완성중량(g) | D5: 수율 | E5: 총 재료비(원) | F5: g당 원가(원) | G5: 투입중량(g) | H5: 비고
A6: 1 | B6: 기본 볶음 소스 | C6: 1200 | D6: 0.8 | E6: =SUMIF($A$11:$A$14,$B6,$F$11:$F$14) | F6: =IF(C6>0,E6/C6,0) | G6: =SUMIF($A$11:$A$14,$B6,$D$11:$D$14)
A8: ▸ 투입 재료 상세 ─ 투입량(노란 셀)만 수정하세요
A10: 프렙 제품명 | B10: 구분 | C10: 재료명 | D10: 투입량(g) | E10: g당 단가(원) | F10: 재료비(원)
A11: 기본 볶음 소스 | B11: 식재료 | C11: 양파 | D11: 1000 | E11: =IFERROR(VLOOKUP($C11,'① 식재료 단가'!$B$6:$G$19,6,FALSE),0) | F11: =ROUND($D11*$E11,2)
A12: 기본 볶음 소스 | B12: 식재료 | C12: 간장 | D12: 300 | E12: =IFERROR(VLOOKUP($C12,'① 식재료 단가'!$B$6:$G$19,6,FALSE),0) | F12: =ROUND($D12*$E12,2)
A13: 기본 볶음 소스 | B13: 식재료 | C13: 식용유 | D13: 200 | E13: =IFERROR(VLOOKUP($C13,'① 식재료 단가'!$B$6:$G$19,6,FALSE),0) | F13: =ROUND($D13*$E13,2)
A14: 기본 볶음 소스 | B14: 식재료 | C14: 소금 | D14: 50 | E14: =IFERROR(VLOOKUP($C14,'① 식재료 단가'!$B$6:$G$19,6,FALSE),0) | F14: =ROUND($D14*$E14,2)

Sheet ③ 고정비 설정
A1: ③ 고정비 설정
A2: 월 고정비와 월 추정매출을 입력하면, 메뉴별 고정비 배분액이 판매가에 비례해 자동 계산됩니다.
A3: 💡 메뉴 1개당 고정비 배분 = 판매가 × (배분대상 고정비 합계 ÷ 월 추정매출)
A5: No. | B5: 비용 항목 | C5: 월간 금액(원) | D5: 배분 포함 | E5: 내용 / 비고
A6: 1 | B6: 인건비 | C6: 8000000 | D6: 포함 | E6: 급여 · 4대보험 사용자 부담분
A7: 2 | B7: 임대료 | C7: 3000000 | D7: 포함 | E7: 월 임대료 · 관리비
A8: 3 | B8: 공과금 | C8: 800000 | D8: 포함 | E8: 수도 · 전기 · 가스
A9: 4 | B9: 배달·광고 수수료 | C9: 1500000 | D9: 포함 | E9: 배달앱 수수료 · 마케팅비
A10: 5 | B10: 식재료 매입비 | C10: 6000000 | D10: 제외 | E10: 메뉴별 식재료 원가에 이미 반영 → 고정비 배분에서 제외 (이중 계산 방지)
A11: 고정비 총계 | C11: =SUM(C6:C10) | E11: 입력한 모든 항목의 합계
A12: 배분 대상 합계 | C12: =SUMIF(D6:D10,"포함",C6:C10) | E12: 「배분 포함」인 항목만 합산 → 메뉴 원가에 반영
A14: ▸ 부가세 · 배분 · 판정 기준 설정
A15: 부가세 처리 | C15: 포함 | E15: 판매가가 손님이 내는 금액이면 「포함」, 공급가액이면 「별도」
A16: 부가세율 | C16: 0.1 | E16: 「포함」일 때만 사용 (면세면 0%)
A17: 부가세 계수 | C17: =IF(C15="포함",1+C16,1) | E17: 판매가 ÷ 이 값 = 공급가액
A18: 월 추정매출(원) | C18: 30000000 | E18: 배달 포함 월 총매출 (부가세 처리 기준과 동일하게 입력)
A19: 월 매출 (공급가액) | C19: =ROUND(C18/C17,0) | E19: = 월 추정매출 ÷ 부가세 계수
A20: 고정비 배분율 | C20: =IF(C19>0,C12/C19,0) | E20: = 배분 대상 합계 ÷ 월 매출(공급가액)
A21: 목표 식재료 원가율 | C21: 0.3 | E21: 이하이면 ✅ 양호
A22: 주의 식재료 원가율 | C22: 0.38 | E22: 초과하면 🔴 과다

Sheet ⚠ 확인 필요
A1: ⚠ 확인 필요 항목
A2: 원본 자료에서 값이 비었거나 추정이 들어간 부분입니다. 실제 값으로 채우면 정확도가 올라갑니다.
A4: No. | B4: 구분 | C4: 메뉴 / 대상 | D4: 항목 | E4: 설명 및 조치
A5: 1 | B5: 시작하기 | C5: - | D5: ① 관리자 로그인 등록 | E5: 화면 위 🔒 을 눌러 원하는 아이디·비밀번호를 정하세요. 등록 전에는 아무 값으로나 로그인되니, 직원에게 파일을 주기 전에 먼저 등록해 두세요.
A6: 2 | B6: 시작하기 | C6: - | D6: ② 가게 이름 바꾸기 | E6: [고정비] 화면 맨 아래 「기본 정보」에서 가게 이름을 입력하세요. 화면과 엑셀 제목에 반영됩니다.
A7: 3 | B7: 시작하기 | C7: - | D7: ③ 식재료 등록 | E7: [식재료] 화면에서 사 오는 재료와 구매가격·규격을 넣으세요. 엑셀을 쓰고 계시면 「📋 엑셀에서 일괄 등록」으로 한 번에 넣을 수 있습니다.
A8: 4 | B8: 시작하기 | C8: - | D8: ④ 고정비·월매출 입력 | E8: [고정비] 화면에서 인건비·임대료와 월 추정매출을 우리 가게 값으로 바꾸세요. 이 둘로 메뉴마다 붙는 고정비가 정해집니다.
A9: 5 | B9: 시작하기 | C9: - | D9: ⑤ 메뉴와 레시피 등록 | E9: [메뉴] 화면에서 메뉴를 추가하고, 메뉴를 눌러 재료·조리법·사진을 채우세요. 주방 화면에 그대로 나갑니다.
A10: 6 | B10: 시작하기 | C10: - | D10: ⑥ 배달하신다면 포장용기를 꼭 넣으세요 | E10: 포장용기·수저·비닐봉투는 개수로 사는 품목이라 빠뜨리기 쉽습니다. [식재료]에 「개수」 단위로 등록한 뒤 배달 메뉴에 재료로 넣으면 원가에 반영됩니다. 예시로 「배달 용기 (중)」을 넣어 두었습니다.
A11: 7 | B11: 시작하기 | C11: - | D11: ⑦ 예시 데이터 정리 | E11: 치킨 볶음밥 · 감자 크림 수프 · 콜라 · 런치 세트는 사용법을 보여주기 위한 예시입니다. 다 익히셨으면 지우세요.
A12: 8 | B12: 예시 데이터 | C12: 치킨 볶음밥 | D12: 식재료 + 프렙 사용 예시 | E12: 일반 식재료와 미리 만들어 둔 프렙(반제품)을 함께 쓰는 메뉴입니다. 수율 90%도 함께 보여줍니다.
A13: 9 | B13: 예시 데이터 | C13: 감자 크림 수프 | D13: 수율 · 무료 항목 예시 | E13: 껍질을 벗겨 버리는 손실(수율 85%)과 원가가 들지 않는 수돗물(무료) 처리 예시입니다.
A14: 10 | B14: 예시 데이터 | C14: 콜라 | D14: 개수 단위 예시 | E14: 캔·병·포장용기처럼 무게가 아니라 개수로 사는 품목의 원가 계산 예시입니다. 24개 21,000원 → 1개 875원.
A15: 11 | B15: 예시 데이터 | C15: 런치 세트 | D15: 세트메뉴 예시 | E15: 다른 메뉴를 구성품으로 넣으면 그 메뉴의 식재료 원가가 자동으로 합산됩니다.
